Title,Brand,Standing.screen.display.size,Resolution,Processor.Brand,Processor.Type,Processor.Count,RAM.Size,Price,Customer.Review,Link,Times.Rated
"Lenovo IdeaPad 3 11th Gen Intel Core i3 15.6"" FHD Thin & Light Laptop(8GB/512GB SSD/Windows 11/Office 2021/2Yr Warranty/3months Xbox Game Pass/Platinum Grey/1.7Kg), 81X800LGIN",Lenovo,15.6 Inches,1920 X 1080 (FHD) Pixels,Intel,Core i3,4,8 GB,39820,4.1,https://www.amazon.in/sspa/click?ie=UTF8&spc=MTo3NDMwMjc2NzQ3MTU2OTk2OjE2NjgxNzA1NjY6c3BfYXRmOjIwMDU4NzAzMjc3ODk4OjowOjo&sp_csd=d2lkZ2V0TmFtZT1zcF9hdGY&url=%2FLenovo-IdeaPad-Warranty-Platinum-81X800LGIN%2Fdp%2FB0B2RBP83P%2Fref%3Dsr_1_1_sspa%3Fcrid%3D21X0ZDNORCOI%26keywords%3Dlaptop%26qid%3D1668170566%26qu%3DeyJxc2MiOiI5LjIyIiwicXNhIjoiOS40OSIsInFzcCI6IjYuODUifQ%253D%253D%26refinements%3Dp_n_feature_twenty-three_browse-bin%253A27387161031%257C27387168031%252Cp_72%253A1318476031%26rnid%3D1318475031%26s%3Dcomputers%26sprefix%3Dlaptop%252Caps%252C232%26sr%3D1-1-spons%26psc%3D1,1921
"Acer Aspire 3 (AMD Ryzen 3-3250U/ 8GB/ 256 GB SSD/ Windows 11 Home/ MS Office) A315-23 with 39.6 cm (15.6"") Full HD Display /1.9kg",Acer,15.6 Inches,1920 x 1080 Pixels,AMD,Ryzen 3,1,8 GB,31990,3.8,https://www.amazon.in/sspa/click?ie=UTF8&spc=MTo3NDMwMjc2NzQ3MTU2OTk2OjE2NjgxNzA1NjY6c3BfYXRmOjIwMDgyODc3ODk3NDk4OjowOjo&sp_csd=d2lkZ2V0TmFtZT1zcF9hdGY&url=%2FAcer-3-3250U-Windows-A315-23-Display%2Fdp%2FB0B7SC16YM%2Fref%3Dsr_1_2_sspa%3Fcrid%3D21X0ZDNORCOI%26keywords%3Dlaptop%26qid%3D1668170566%26qu%3DeyJxc2MiOiI5LjIyIiwicXNhIjoiOS40OSIsInFzcCI6IjYuODUifQ%253D%253D%26refinements%3Dp_n_feature_twenty-three_browse-bin%253A27387161031%257C27387168031%252Cp_72%253A1318476031%26rnid%3D1318475031%26s%3Dcomputers%26sprefix%3Dlaptop%252Caps%252C232%26sr%3D1-2-spons%26psc%3D1,1446
"ASUS VivoBook 15 (2021), 15.6-inch (39.62 cm) HD, Dual Core Intel Celeron N4020, Thin and Light Laptop (4GB RAM/256GB SSD/Integrated Graphics/Windows 11 Home/Transparent Silver/1.8 Kg), X515MA-BR011W",ASUS,15.6 Inches,1366 X 768 (HD) Pixels,Intel,Celeron N4020,2,4 GB,25790,3.9,https://www.amazon.in/ASUS-15-6-inch-Integrated-Transparent-X515MA-BR011W/dp/B09SGGB687/ref=sr_1_3?crid=21X0ZDNORCOI&keywords=laptop&qid=1668170566&qu=eyJxc2MiOiI5LjIyIiwicXNhIjoiOS40OSIsInFzcCI6IjYuODUifQ%3D%3D&refinements=p_n_feature_twenty-three_browse-bin%3A27387161031%7C27387168031%2Cp_72%3A1318476031&rnid=1318475031&s=computers&sprefix=laptop%2Caps%2C232&sr=1-3,2028
"Acer Extensa 15 Lightweight Laptop Intel Core i3 11th Gen Processor (4 GB RAM/256GB SSD/Windows 11 Home/Intel UHD Graphics /1.7Kg/Black) EX215-54 with 15.6"" (39.6 cms) Full HD Display",Acer,15.6 Inches,1920 x 1080 Pixels,Intel,Core i3,1,4 GB,29990,3.8,https://www.amazon.in/Acer-Lightweight-Processor-Display-EX215-54/dp/B09STHP9PX/ref=sr_1_4?crid=21X0ZDNORCOI&keywords=laptop&qid=1668170566&qu=eyJxc2MiOiI5LjIyIiwicXNhIjoiOS40OSIsInFzcCI6IjYuODUifQ%3D%3D&refinements=p_n_feature_twenty-three_browse-bin%3A27387161031%7C27387168031%2Cp_72%3A1318476031&rnid=1318475031&s=computers&sprefix=laptop%2Caps%2C232&sr=1-4,1631
Acer Aspire Intel Core i5 11th Gen - (16 GB/ 512 GB SSD/Widows 11 Home/ MS Office/Silver/ 1.7 Kgs) A315-58 with 39.6 cm (15.6 inches) FHD Display Laptop,Acer,15.6 Inches,1920 x 1080,Intel,Core i5,1,16 GB,53990,3.7,https://www.amazon.in/Acer-Aspire-Intel-Core-11th/dp/B0B5GDPSXS/ref=sr_1_5?crid=21X0ZDNORCOI&keywords=laptop&qid=1668170566&qu=eyJxc2MiOiI5LjIyIiwicXNhIjoiOS40OSIsInFzcCI6IjYuODUifQ%3D%3D&refinements=p_n_feature_twenty-three_browse-bin%3A27387161031%7C27387168031%2Cp_72%3A1318476031&rnid=1318475031&s=computers&sprefix=laptop%2Caps%2C232&sr=1-5,1452
"Acer Aspire Vero AV15-51-5155 Green Laptop | 15.6"" FHD IPS Display | 11th Gen Intel Core i5-1155G7 | 16GB DDR4 | 512GB SSD | Wi-Fi 6 | PCR Materials | Windows 11 Home | Fingerprint Reader | MS Office",Acer,15.6 Inches,1920 x 1080 Pixels,Intel,Core i5,1,16 GB,55990,4.2,https://www.amazon.in/Acer-AV15-51-5155-i5-1155G7-Materials-Fingerprint/dp/B09STBTV74/ref=sr_1_7?crid=21X0ZDNORCOI&keywords=laptop&qid=1668170566&qu=eyJxc2MiOiI5LjIyIiwicXNhIjoiOS40OSIsInFzcCI6IjYuODUifQ%3D%3D&refinements=p_n_feature_twenty-three_browse-bin%3A27387161031%7C27387168031%2Cp_72%3A1318476031&rnid=1318475031&s=computers&sprefix=laptop%2Caps%2C232&sr=1-7,1508
"Lenovo ThinkBook 15 AMD Ryzen 5 5500U 15.6"" (39.62cm) FHD 220 nits Antiglare Thin and Light Laptop (8GB/512GB SSD/Windows 11/MS Office/Mineral Grey/1.7 Kg), 21A4A09UIH",Lenovo,15.6 Inches,1920x1080,AMD,Ryzen 5,1,8 GB,49990,3.8,https://www.amazon.in/Lenovo-ThinkBook-39-62cm-Antiglare-21A4A09UIH/dp/B0B1DK542Q/ref=sr_1_8?crid=21X0ZDNORCOI&keywords=laptop&qid=1668170566&qu=eyJxc2MiOiI5LjIyIiwicXNhIjoiOS40OSIsInFzcCI6IjYuODUifQ%3D%3D&refinements=p_n_feature_twenty-three_browse-bin%3A27387161031%7C27387168031%2Cp_72%3A1318476031&rnid=1318475031&s=computers&sprefix=laptop%2Caps%2C232&sr=1-8,1971
"Dell Vostro 3420 Laptop - Intel i3-1115G4, 8GB DDR4 and 512GB SSD, Windows 11 + MSO'21, 14.0""/35.56Cms, FHD WVA AG 250 nits (Carbon Black, D552276WIN9BE, 1.48Kgs)",Dell,14 Inches,1920 x 1080 Pixels,Intel,Core i3,1,8 GB,39990,3.9,https://www.amazon.in/Dell-Vostro-3420-Laptop-D552276WIN9BE/dp/B0B46CJ21J/ref=sr_1_11?crid=21X0ZDNORCOI&keywords=laptop&qid=1668170566&qu=eyJxc2MiOiI5LjIyIiwicXNhIjoiOS40OSIsInFzcCI6IjYuODUifQ%3D%3D&refinements=p_n_feature_twenty-three_browse-bin%3A27387161031%7C27387168031%2Cp_72%3A1318476031&rnid=1318475031&s=computers&sprefix=laptop%2Caps%2C232&sr=1-11,427
"Lenovo IdeaPad Slim 3 Intel Core i5 11th Gen 15.6 inches (39.62cm) FHD Thin & Light Business Laptop (8GB/512GB SSD/Windows 11/MS Office/Backlit Keyboard/Arctic Grey/1.65Kg), 82H802KVIN",Lenovo,15.6 Inches,1080p,Intel,Core i5,4,8 GB,51662,3.9,https://www.amazon.in/Lenovo-IdeaPad-Business-Keyboard-82H802KVIN/dp/B0B82FX9JW/ref=sr_1_12?crid=21X0ZDNORCOI&keywords=laptop&qid=1668170566&qu=eyJxc2MiOiI5LjIyIiwicXNhIjoiOS40OSIsInFzcCI6IjYuODUifQ%3D%3D&refinements=p_n_feature_twenty-three_browse-bin%3A27387161031%7C27387168031%2Cp_72%3A1318476031&rnid=1318475031&s=computers&sprefix=laptop%2Caps%2C232&sr=1-12,1922
"HP 15s,11th Gen Intel Core i3-1115G4 8GB RAM/512GB SSD 15.6-inch(39.6 cm) Micro-Edge Anti-Glare FHD Laptop/Alexa Built-in/Win 11/Intel UHD Graphics/Dual Speakers/ MS Office 2021/1.69 Kg, 15s-fq2673TU",HP,15.6 Inches,NA,Intel,Core i3,1,8 GB,42280,3.8,https://www.amazon.in/HP-i3-1115G4-Micro-Edge-Anti-Glare-15s-fq2673TU/dp/B0B4N6JVMW/ref=sr_1_13?crid=21X0ZDNORCOI&keywords=laptop&qid=1668170566&qu=eyJxc2MiOiI5LjIyIiwicXNhIjoiOS40OSIsInFzcCI6IjYuODUifQ%3D%3D&refinements=p_n_feature_twenty-three_browse-bin%3A27387161031%7C27387168031%2Cp_72%3A1318476031&rnid=1318475031&s=computers&sprefix=laptop%2Caps%2C232&sr=1-13,1143
"Dell Inspiron 3520 Laptop, Intel i5-1235U, 8GB, 512GB SSD, 15.6"" (39.62Cms) FHD WVA AG 120Hz 250 nits, Win 11 + MSO'21, Black (D560871WIN9B, 1.65Kgs)",Dell,15.6 Inches,1920 x 1080 Pixels,Intel,Core i5,1,8 GB,58340,4.7,https://www.amazon.in/Dell-Inspiron-i5-1235U-39-62Cms-D560871WIN9B/dp/B0BH4SCYQ3/ref=sr_1_14?crid=21X0ZDNORCOI&keywords=laptop&qid=1668170566&qu=eyJxc2MiOiI5LjIyIiwicXNhIjoiOS40OSIsInFzcCI6IjYuODUifQ%3D%3D&refinements=p_n_feature_twenty-three_browse-bin%3A27387161031%7C27387168031%2Cp_72%3A1318476031&rnid=1318475031&s=computers&sprefix=laptop%2Caps%2C232&sr=1-14,1284
Acer Aspire 3 Intel Core i5 12th Generation (8GB/512 GB SSD/Windows 11 Home/MS Office/1.7 Kg/Silver) A315-59 with 15.6-inch (39.6 cms) Full HD Laptop,Acer,15.6 Inches,1920 X 1080 (FHD) Pixels,Intel,Core i5,1,8 GB,56990,3.8,https://www.amazon.in/sspa/click?ie=UTF8&spc=MTo3NDMwMjc2NzQ3MTU2OTk2OjE2NjgxNzA1NjY6c3BfbXRmOjIwMDgyNjMwOTY0ODk4OjowOjo&sp_csd=d2lkZ2V0TmFtZT1zcF9tdGY&url=%2FAcer-Generation-Windows-A315-59-15-6-inch%2Fdp%2FB0B42RSQWR%2Fref%3Dsr_1_15_sspa%3Fcrid%3D21X0ZDNORCOI%26keywords%3Dlaptop%26qid%3D1668170566%26qu%3DeyJxc2MiOiI5LjIyIiwicXNhIjoiOS40OSIsInFzcCI6IjYuODUifQ%253D%253D%26refinements%3Dp_n_feature_twenty-three_browse-bin%253A27387161031%257C27387168031%252Cp_72%253A1318476031%26rnid%3D1318475031%26s%3Dcomputers%26sprefix%3Dlaptop%252Caps%252C232%26sr%3D1-15-spons%26psc%3D1,581
"HP 15- AMD Ryzen 3-3250U 15.6 inches 39.6 cm FHD, Micro-Edge, Thin & Light Laptop (8 GB RAM/1TB HDD + 256GB SSD/ AMD Radeon Graphics/ Win11/MS Office/1.74 kg 15s-gr0012AU) Windows 11 Home",HP,15.6 Inches,1920 x 1080 Pixels,AMD,Ryzen 3,1,8 GB,39499,3.9,https://www.amazon.in/HP-3-3250-Laptop-Windows-15s-gr0012AU/dp/B08T6THSMQ/ref=sr_1_17?crid=21X0ZDNORCOI&keywords=laptop&qid=1668170566&qu=eyJxc2MiOiI5LjIyIiwicXNhIjoiOS40OSIsInFzcCI6IjYuODUifQ%3D%3D&refinements=p_n_feature_twenty-three_browse-bin%3A27387161031%7C27387168031%2Cp_72%3A1318476031&rnid=1318475031&s=computers&sprefix=laptop%2Caps%2C232&sr=1-17,950
"ASUS ROG Strix G17, 17.3-inch (43.94 cms) FHD 144Hz, AMD Ryzen 7 4800H, RTX 3050 Ti 4GB Graphics, Gaming Laptop (16GB/1TB SSD/Windows 11//Gray/2.4 kg), G713IE-HX040W",ASUS,17.3 Inches,1920 X 1080 (FHD) Pixels,AMD,Ryzen 7,8,16 GB,85990,4,https://www.amazon.in/ASUS-17-3-inch-RTX-3050-Ti-Graphics-G713IE-HX040W/dp/B0B3DQ36P7/ref=sr_1_18?crid=21X0ZDNORCOI&keywords=laptop&qid=1668170566&qu=eyJxc2MiOiI5LjIyIiwicXNhIjoiOS40OSIsInFzcCI6IjYuODUifQ%3D%3D&refinements=p_n_feature_twenty-three_browse-bin%3A27387161031%7C27387168031%2Cp_72%3A1318476031&rnid=1318475031&s=computers&sprefix=laptop%2Caps%2C232&sr=1-18,2014
"ASUS VivoBook 14 (2021), Intel Core i5-1035G1 10th Gen, 14-inch (35.56 cms) FHD Thin and Light Laptop (8GB/512GB SSD/Office 2021/Windows 11/Integrated Graphics/Silver/1.6 Kg), X415JA-EB521WS",ASUS,14 Inches,1920 X 1080 (FHD) Pixels,Intel,Core i5,4,8 GB,46990,4,https://www.amazon.in/ASUS-VivoBook-i5-1035G1-Integrated-X415JA-EB521WS/dp/B09VNZNF9L/ref=sr_1_19?crid=21X0ZDNORCOI&keywords=laptop&qid=1668170566&qu=eyJxc2MiOiI5LjIyIiwicXNhIjoiOS40OSIsInFzcCI6IjYuODUifQ%3D%3D&refinements=p_n_feature_twenty-three_browse-bin%3A27387161031%7C27387168031%2Cp_72%3A1318476031&rnid=1318475031&s=computers&sprefix=laptop%2Caps%2C232&sr=1-19,1898
"Lenovo IdeaPad Slim 3 Intel Core i3 12th Gen 15.6"" (39.62cm) FHD Thin & Light Laptop (8GB/512GB SSD/Windows 11/Office 2021/2Yr Warranty/3months Game Pass/Arctic Grey/1.63Kg), 82RK006DIN",Lenovo,15.6 Inches,1920X1080 Pixels,Intel,Core i3,6,8 GB,47490,4.2,https://www.amazon.in/Lenovo-IdeaPad-39-62cm-Warranty-82RK006DIN/dp/B0B4JPC8GT/ref=sr_1_20?crid=21X0ZDNORCOI&keywords=laptop&qid=1668170566&qu=eyJxc2MiOiI5LjIyIiwicXNhIjoiOS40OSIsInFzcCI6IjYuODUifQ%3D%3D&refinements=p_n_feature_twenty-three_browse-bin%3A27387161031%7C27387168031%2Cp_72%3A1318476031&rnid=1318475031&s=computers&sprefix=laptop%2Caps%2C232&sr=1-20,1411
"Dell Inspiron 3521 Laptop - Intel PQC-N5030, Windows 11 + Office 21, 8GB GDDR4, 256GB SSD, 15.6""/39.62Cms HD AG Narrow Border (D560756WIN9BE, Carbon Black, 1.61Kgs)",Dell,15.6 Inches,1920 x 1280 Pixels,Intel,Pentium,1,8 GB,32751,3.6,https://www.amazon.in/Dell-3521-PQC-N5030-Anti-Glare-D560756Win9Be/dp/B09TNX9B9F/ref=sr_1_21?crid=21X0ZDNORCOI&keywords=laptop&qid=1668170566&qu=eyJxc2MiOiI5LjIyIiwicXNhIjoiOS40OSIsInFzcCI6IjYuODUifQ%3D%3D&refinements=p_n_feature_twenty-three_browse-bin%3A27387161031%7C27387168031%2Cp_72%3A1318476031&rnid=1318475031&s=computers&sprefix=laptop%2Caps%2C232&sr=1-21,1940
"ASUS Vivobook 15, 15.6-inch (39.62 cms) FHD, AMD Ryzen 3 3200U, Thin and Laptop (8GB/512GB SSD/Integrated Graphics/Windows 11/Office 2021/Silver/1.68 kg), X512DA-BQ311WS",ASUS,15.6 Inches,1920 X 1080 (FHD) Pixels,AMD,Ryzen 3,2,8 GB,36990,3.6,https://www.amazon.in/ASUS-Vivobook-15-6-inch-Integrated-X512DA-BQ311WS/dp/B0B4WK1Y6D/ref=sr_1_22?crid=21X0ZDNORCOI&keywords=laptop&qid=1668170566&qu=eyJxc2MiOiI5LjIyIiwicXNhIjoiOS40OSIsInFzcCI6IjYuODUifQ%3D%3D&refinements=p_n_feature_twenty-three_browse-bin%3A27387161031%7C27387168031%2Cp_72%3A1318476031&rnid=1318475031&s=computers&sprefix=laptop%2Caps%2C232&sr=1-22,701
"HP 15s, 12th Gen Intel Core i5 8GB RAM/512GB SSD 15.6-inch(39.6 cm) Micro-Edge Anti-Glare FHD Laptop/Intel Iris Xe Graphics/Alexa/Dual Speakers/Win 11/MSO 2021/1.41 Kg, 15s- fq5111TU",HP,15.6 Inches,1920 X 1080 (FHD) Pixels,Intel,Core i5,1,8 GB,57890,4.1,https://www.amazon.in/HP-Micro-Edge-Anti-Glare-15s-fq5111TU/dp/B0B6F5V23N/ref=sr_1_24?crid=21X0ZDNORCOI&keywords=laptop&qid=1668170566&qu=eyJxc2MiOiI5LjIyIiwicXNhIjoiOS40OSIsInFzcCI6IjYuODUifQ%3D%3D&refinements=p_n_feature_twenty-three_browse-bin%3A27387161031%7C27387168031%2Cp_72%3A1318476031&rnid=1318475031&s=computers&sprefix=laptop%2Caps%2C232&sr=1-24,2345
"Lenovo IdeaPad Slim 3 Intel Core i3 11th Gen 15.6"" (39.62cm) FHD Thin & Light Laptop (8GB/512GB SDD/Windows 11/Office 2021/2Yr Warranty/Arctic Grey/1.65Kg), 82H801LHIN",Lenovo,15.6 Inches,1920x1080 Pixels,Intel,Core i3,2,8 GB,38990,4.6,https://www.amazon.in/Lenovo-IdeaPad-39-62cm-Warranty-82H801LHIN/dp/B0B5VBKV26/ref=sr_1_25?crid=21X0ZDNORCOI&keywords=laptop&qid=1668170566&qu=eyJxc2MiOiI5LjIyIiwicXNhIjoiOS40OSIsInFzcCI6IjYuODUifQ%3D%3D&refinements=p_n_feature_twenty-three_browse-bin%3A27387161031%7C27387168031%2Cp_72%3A1318476031&rnid=1318475031&s=computers&sprefix=laptop%2Caps%2C232&sr=1-25,1970
"Hp 14S-Intel Pentium Silver N6000- 8Gb Ram/256Gb Ssd 14 Inches (35.6Cm) Hd, Micro-Edge Display (Uhd Graphics/Alexa/Dual Speakers/Fast Charge/Windows 11 Home/Ms Office), 14S- Dq3033Tu,Jet Black",HP,14,1366 x 768,Intel,Pentium,1,8 GB,28700,3.7,https://www.amazon.in/14S-Intel-Micro-Edge-Graphics-Speakers-Dq3033Tu/dp/B09S9PL2BS/ref=sr_1_27?crid=21X0ZDNORCOI&keywords=laptop&qid=1668170566&qu=eyJxc2MiOiI5LjIyIiwicXNhIjoiOS40OSIsInFzcCI6IjYuODUifQ%3D%3D&refinements=p_n_feature_twenty-three_browse-bin%3A27387161031%7C27387168031%2Cp_72%3A1318476031&rnid=1318475031&s=computers&sprefix=laptop%2Caps%2C232&sr=1-27,1444
"Acer Extensa 15 Lightweight Laptop 11th Gen Intel Core i3 Processor with 15.6"" (39.6 cms) Full HD Display- (8 GB RAM/256GB SSD/Windows 11 Home/Intel UHD Graphics /1.7Kg/Black) EX215-54",Acer,15.6 Inches,1920 x 1080 Pixels,Intel,Core i3,1,8 GB,32990,3.6,https://www.amazon.in/sspa/click?ie=UTF8&spc=MTo3NDMwMjc2NzQ3MTU2OTk2OjE2NjgxNzA1NjY6c3BfYnRmOjIwMDYwMTkyMzYxNzk4OjowOjo&sp_csd=d2lkZ2V0TmFtZT1zcF9idGY&url=%2FAcer-Lightweight-Processor-Display-Graphics%2Fdp%2FB0B5ZMZ8GF%2Fref%3Dsr_1_29_sspa%3Fcrid%3D21X0ZDNORCOI%26keywords%3Dlaptop%26qid%3D1668170566%26qu%3DeyJxc2MiOiI5LjIyIiwicXNhIjoiOS40OSIsInFzcCI6IjYuODUifQ%253D%253D%26refinements%3Dp_n_feature_twenty-three_browse-bin%253A27387161031%257C27387168031%252Cp_72%253A1318476031%26rnid%3D1318475031%26s%3Dcomputers%26sprefix%3Dlaptop%252Caps%252C232%26sr%3D1-29-spons%26psc%3D1,1081
Acer Extensa 15 Lightweight Laptop Intel Core i3 11th Gen Processor - (8 GB/ 512 GB SSD/ Windows 11 Home/ 1.7kg/ Black/ Elevated Hinge Design) EX215-54 with 39.6 cm (15.6 inches) FHD Display,Acer,15.6 Inches,1920 x 1080 Pixels,Intel,Core i3,1,8 GB,34990,3.5,https://www.amazon.in/Acer-Extensa-Lightweight-Laptop-Processor/dp/B0B5ZN13GV/ref=sxbs_aspa_sqa?content-id=amzn1.sym.2c602ba1-3dc9-4456-8401-359709354e80%3Aamzn1.sym.2c602ba1-3dc9-4456-8401-359709354e80&crid=21X0ZDNORCOI&cv_ct_cx=laptop&keywords=laptop&pd_rd_i=B0B5ZN13GV&pd_rd_r=8ad3c311-2c6b-45ad-99a7-29789d86413f&pd_rd_w=P0MoG&pd_rd_wg=oTOie&pf_rd_p=2c602ba1-3dc9-4456-8401-359709354e80&pf_rd_r=JX2ZAXVHX39HPC34HQY7&qid=1668170566&qu=eyJxc2MiOiI5LjIyIiwicXNhIjoiOS40OSIsInFzcCI6IjYuODUifQ%3D%3D&refinements=p_n_feature_twenty-three_browse-bin%3A27387161031%7C27387168031%2Cp_72%3A1318476031&rnid=1318475031&s=computers&sprefix=laptop%2Caps%2C232&sr=1-6-93291ede-2a7a-4e75-a6c2-b89c29736263,826
"ASUS Zenbook 13 OLED, 13.3-inch (33.78 cms) FHD OLED, Intel EVO Core i7-1165G7 11th Gen, Thin and Light Laptop (16GB/1TB SSD/Iris Xe Graphics/Windows 11/Office 2021/Mist/1.14 kg), UX325EA-KG701WS",ASUS,33.78 Centimetres,1920 x 1080 Pixels,Intel,Core i7,4,16 GB,79990,4.1,https://www.amazon.in/sspa/click?ie=UTF8&spc=MToxOTczNTQyNjAxNzAzMDI6MTY2ODE3MDY5ODpzcF9hdGZfbmV4dDoyMDA3ODc5NzYyMTk5ODo6MDo6&sp_csd=d2lkZ2V0TmFtZT1zcF9hdGZfbmV4dA&url=%2FASUS-13-3-inch-i7-1165G7-Graphics-UX325EA-KG701WS%2Fdp%2FB09YV35X9M%2Fref%3Dsr_1_25_sspa%3Fcrid%3D21X0ZDNORCOI%26keywords%3Dlaptop%26qid%3D1668170698%26qu%3DeyJxc2MiOiI5LjIyIiwicXNhIjoiOS40OSIsInFzcCI6IjYuODUifQ%253D%253D%26refinements%3Dp_n_feature_twenty-three_browse-bin%253A27387161031%257C27387168031%252Cp_72%253A1318476031%26rnid%3D1318475031%26s%3Dcomputers%26sprefix%3Dlaptop%252Caps%252C232%26sr%3D1-25-spons%26psc%3D1,1697
Acer Aspire 3 Laptop AMD Ryzen 3 3250U Dual-Core Processor - (Windows 11 Home/8 GB/ 256 GB SSD) A315-23 with 38.1 cm (15 Inches) FHD Display / 1.9 Kgs,Acer,15.6 Inches,1920 x 1080 Pixels,AMD,Ryzen 3,1,8 GB,30499,4,https://www.amazon.in/Acer-Aspire-Laptop-Dual-Core-Processor/dp/B0B6PTDMQQ/ref=sr_1_30?crid=21X0ZDNORCOI&keywords=laptop&qid=1668170698&qu=eyJxc2MiOiI5LjIyIiwicXNhIjoiOS40OSIsInFzcCI6IjYuODUifQ%3D%3D&refinements=p_n_feature_twenty-three_browse-bin%3A27387161031%7C27387168031%2Cp_72%3A1318476031&rnid=1318475031&s=computers&sprefix=laptop%2Caps%2C232&sr=1-30,1797
"HP 250 G8 Laptop (11th Gen Intel Core i3-1115G4/8GB DDR4 Ram / 512GB SSD/Windows 10/39.62 cm (15.6 inch) HD/Intel UHD Graphics) 42V68PA (Dark Ash Silver, 1.74 kg)",HP,15.6 Inches,1366 X 768 (HD) Pixels,Intel,Core i3,2,8 GB,37799,3.6,https://www.amazon.in/HP-i3-1115G4-Windows-Graphics-42V68PA/dp/B096G1V3RC/ref=sr_1_34?crid=21X0ZDNORCOI&keywords=laptop&qid=1668170698&qu=eyJxc2MiOiI5LjIyIiwicXNhIjoiOS40OSIsInFzcCI6IjYuODUifQ%3D%3D&refinements=p_n_feature_twenty-three_browse-bin%3A27387161031%7C27387168031%2Cp_72%3A1318476031&rnid=1318475031&s=computers&sprefix=laptop%2Caps%2C232&sr=1-34,1267
"Acer Aspire 3 AMD Ryzen 5 3500U Processor 15.6"" (39.6 cms) Full HD Laptop - (16 GB/512 GB SSD/Windows 11 Home/AMD Radeon Vega8 Mobile Graphics/1.9Kg/Black) A315-23",Acer,15.6 Inches,1920 x 1080 Pixels,AMD,Ryzen 5,1,16 GB,39990,3.8,https://www.amazon.in/Acer-Aspire-Ryzen-Processor-Laptop/dp/B0BFDC4S95/ref=sr_1_35?crid=21X0ZDNORCOI&keywords=laptop&qid=1668170698&qu=eyJxc2MiOiI5LjIyIiwicXNhIjoiOS40OSIsInFzcCI6IjYuODUifQ%3D%3D&refinements=p_n_feature_twenty-three_browse-bin%3A27387161031%7C27387168031%2Cp_72%3A1318476031&rnid=1318475031&s=computers&sprefix=laptop%2Caps%2C232&sr=1-35,2083
"Lenovo ThinkBook 15 Intel 11th Gen Core i3 15.6"" (39.62cm) FHD 220 nits Antiglare Thin and Light Laptop (8GB/512GB SSD/Windows 11/MS Office/Mineral Grey/1.7 Kg), 20VEA0YPIH",Lenovo,15.6 Inches,1920*1080,Intel,Core i3,1,8 GB,38490,3.8,https://www.amazon.in/Lenovo-ThinkBook-39-62cm-Antiglare-20VEA0YPIH/dp/B0B1DHB7P6/ref=sr_1_37?crid=21X0ZDNORCOI&keywords=laptop&qid=1668170698&qu=eyJxc2MiOiI5LjIyIiwicXNhIjoiOS40OSIsInFzcCI6IjYuODUifQ%3D%3D&refinements=p_n_feature_twenty-three_browse-bin%3A27387161031%7C27387168031%2Cp_72%3A1318476031&rnid=1318475031&s=computers&sprefix=laptop%2Caps%2C232&sr=1-37,851
"Lenovo V15 G2 Laptop with AMD ryzen 3 5300u 2.6 Ghz, 4gb Ram, 512gb ssd, 15.6inch FHD, DOS, 82KDA00UIH",Lenovo,39.62 Centimetres,NA,Intel,Ryzen 3,1,4 GB,29490,3.7,https://www.amazon.in/Lenovo-Laptop-ryzen-15-6inch-82KDA00UIH/dp/B0B5N79JJ5/ref=sr_1_38?crid=21X0ZDNORCOI&keywords=laptop&qid=1668170698&qu=eyJxc2MiOiI5LjIyIiwicXNhIjoiOS40OSIsInFzcCI6IjYuODUifQ%3D%3D&refinements=p_n_feature_twenty-three_browse-bin%3A27387161031%7C27387168031%2Cp_72%3A1318476031&rnid=1318475031&s=computers&sprefix=laptop%2Caps%2C232&sr=1-38,1589
"ASUS VivoBook 14 (2021), Intel Core i5-1135G7 11th Gen, 14-inch (35.56 cms) FHD Thin and Light Laptop (8GB/1TB HDD + 256GB SSD/Office 2021/Windows 11/Iris Xe Graphics/Silver/1.6 Kg), X415EA-EK572WS",ASUS,14 Inches,1920 X 1080 (FHD) Pixels,Intel,Core i5,4,8 GB,46990,3.9,https://www.amazon.in/sspa/click?ie=UTF8&spc=MToxOTczNTQyNjAxNzAzMDI6MTY2ODE3MDY5ODpzcF9tdGY6MjAwNDExNDcxMTY1OTg6OjA6Og&sp_csd=d2lkZ2V0TmFtZT1zcF9tdGY&url=%2FASUS-VivoBook-i5-1135G7-Graphics-X415EA-EK572WS%2Fdp%2FB09DX8FZSL%2Fref%3Dsr_1_39_sspa%3Fcrid%3D21X0ZDNORCOI%26keywords%3Dlaptop%26qid%3D1668170698%26qu%3DeyJxc2MiOiI5LjIyIiwicXNhIjoiOS40OSIsInFzcCI6IjYuODUifQ%253D%253D%26refinements%3Dp_n_feature_twenty-three_browse-bin%253A27387161031%257C27387168031%252Cp_72%253A1318476031%26rnid%3D1318475031%26s%3Dcomputers%26sprefix%3Dlaptop%252Caps%252C232%26sr%3D1-39-spons%26psc%3D1,1820
"Dell 2in1 Inspiron 7420 Laptop - Intel i3-1215U, 8GB, 256GB, Windows 11+MSO'21, 14.0""/35.56Cms FHD+ WVA Touch 250 nits Narrow Border, Backlit KB and FPR (Platinum Silver, D560780WIN9S, 1.57Kgs)",Dell,14 Inches,1920 x 1080 Pixels,Intel,Core i3,1,8 GB,51490,3.5,https://www.amazon.in/Dell-2in1-Inspiron-7420-Laptop/dp/B0B2WPL4CN/ref=sr_1_41?crid=21X0ZDNORCOI&keywords=laptop&qid=1668170698&qu=eyJxc2MiOiI5LjIyIiwicXNhIjoiOS40OSIsInFzcCI6IjYuODUifQ%3D%3D&refinements=p_n_feature_twenty-three_browse-bin%3A27387161031%7C27387168031%2Cp_72%3A1318476031&rnid=1318475031&s=computers&sprefix=laptop%2Caps%2C232&sr=1-41,784
"ASUS TUF Gaming A15, 15.6-inch (39.62 cms) FHD 144Hz, AMD Ryzen 5 4600H, 4GB NVIDIA GeForce GTX 1650, Gaming Laptop (8GB/512GB SSD/Windows 11/Black/2.3 Kg), FA506IHRZ-HN111W",ASUS,15.6 Inches,1920 X 1080 (FHD) Pixels,AMD,Ryzen 5,6,8 GB,59990,3.8,https://www.amazon.in/ASUS-15-6-inch-GeForce-Windows-FA506IHRZ-HN111W/dp/B0B5DZTNZQ/ref=sr_1_43?crid=21X0ZDNORCOI&keywords=laptop&qid=1668170698&qu=eyJxc2MiOiI5LjIyIiwicXNhIjoiOS40OSIsInFzcCI6IjYuODUifQ%3D%3D&refinements=p_n_feature_twenty-three_browse-bin%3A27387161031%7C27387168031%2Cp_72%3A1318476031&rnid=1318475031&s=computers&sprefix=laptop%2Caps%2C232&sr=1-43,1340
"ASUS Eeebook 14, 14-inch (35.56 cms) HD, Intel Pentium Silver N6000, Thin and Laptop (4GB/256GB SSD/Integrated Graphics/Windows 11/Office 2021/Black/1.3 kg), E410KA-BV121WS",ASUS,35.56 Centimetres,1366 x 768 Pixels,Intel,Pentium,4,4 GB,27236,4.9,https://www.amazon.in/ASUS-Eeebook-Integrated-Graphics-E410KA-BV121WS/dp/B0B4WJK6SF/ref=sr_1_44?crid=21X0ZDNORCOI&keywords=laptop&qid=1668170698&qu=eyJxc2MiOiI5LjIyIiwicXNhIjoiOS40OSIsInFzcCI6IjYuODUifQ%3D%3D&refinements=p_n_feature_twenty-three_browse-bin%3A27387161031%7C27387168031%2Cp_72%3A1318476031&rnid=1318475031&s=computers&sprefix=laptop%2Caps%2C232&sr=1-44,388
"Lenovo IdeaPad Slim 3 Intel Core i3 11th Gen 14"" (35.56cm) FHD Thin & Light Laptop (8GB/256GB SDD/Windows 11/Office 2021/2Yr Warranty/3months Game Pass/Platinum Grey/1.5Kg), 81X700CWIN",Lenovo,14 Inches,1920 X 1080 (FHD) Pixels,Intel,Core i3,2,8 GB,37228,3.7,https://www.amazon.in/Lenovo-IdeaPad-Warranty-Platinum-81X700CWIN/dp/B09MM5TSJ7/ref=sr_1_45?crid=21X0ZDNORCOI&keywords=laptop&qid=1668170698&qu=eyJxc2MiOiI5LjIyIiwicXNhIjoiOS40OSIsInFzcCI6IjYuODUifQ%3D%3D&refinements=p_n_feature_twenty-three_browse-bin%3A27387161031%7C27387168031%2Cp_72%3A1318476031&rnid=1318475031&s=computers&sprefix=laptop%2Caps%2C232&sr=1-45,1600
"ASUS TUF Gaming A15, 15.6"" (39.62 cm) FHD 144Hz, AMD Ryzen 9 5900HX, 6GB RTX 3060, Gaming Laptop (16GB/512GB SSD/90WHrs Battery/Windows 11/Black/2.30 Kg), FA506QM-HN124W",ASUS,15.6 Inches,1920 X 1080 (FHD) Pixels,AMD,Ryzen 9,8,16 GB,96000,4,https://www.amazon.in/ASUS-RTX-3060-Battery-Windows-FA506QM-HN124W/dp/B09Y695S7K/ref=sr_1_46?crid=21X0ZDNORCOI&keywords=laptop&qid=1668170698&qu=eyJxc2MiOiI5LjIyIiwicXNhIjoiOS40OSIsInFzcCI6IjYuODUifQ%3D%3D&refinements=p_n_feature_twenty-three_browse-bin%3A27387161031%7C27387168031%2Cp_72%3A1318476031&rnid=1318475031&s=computers&sprefix=laptop%2Caps%2C232&sr=1-46,1969
"Lenovo IdeaPad Slim 3 Intel Core i3-1115G4 11th Gen 15.6"" (39.62cm) FHD Laptop (8GB/256GB SSD/Win 11/Office 2021/2 Year Warranty/3 Month Game Pass/Platinum Grey/1.7Kg), 81X800LCIN",Lenovo,15.6 Inches,1920x1080 Pixels,Intel,Core i3,2,8 GB,39490,3.8,https://www.amazon.in/Lenovo-i3-1115G4-Warranty-Platinum-81X800LCIN/dp/B0B9YHX39M/ref=sr_1_47?crid=21X0ZDNORCOI&keywords=laptop&qid=1668170698&qu=eyJxc2MiOiI5LjIyIiwicXNhIjoiOS40OSIsInFzcCI6IjYuODUifQ%3D%3D&refinements=p_n_feature_twenty-three_browse-bin%3A27387161031%7C27387168031%2Cp_72%3A1318476031&rnid=1318475031&s=computers&sprefix=laptop%2Caps%2C232&sr=1-47,1636
"Lenovo Yoga Slim 7 Pro Intel Evo Core i5-11320H 14""(35.6cm) 2.8K 400nits Thin & Light Laptop(16GB/512GB SSD/Win11/Office 2021/90Hz/Backlit/3Yr Brand Warranty/Slate Grey/Metal Surface/1.3Kg),82NC00EWIN",Lenovo,14 Inches,2880 x 1800 Pixels,Intel,Core i5,4,16 GB,74116,4.1,https://www.amazon.in/Lenovo-i5-11320H-400nits-Warranty-82NC00EWIN/dp/B0B56CVZVS/ref=sr_1_48?crid=21X0ZDNORCOI&keywords=laptop&qid=1668170698&qu=eyJxc2MiOiI5LjIyIiwicXNhIjoiOS40OSIsInFzcCI6IjYuODUifQ%3D%3D&refinements=p_n_feature_twenty-three_browse-bin%3A27387161031%7C27387168031%2Cp_72%3A1318476031&rnid=1318475031&s=computers&sprefix=laptop%2Caps%2C232&sr=1-48,1547
"Lenovo IdeaPad Slim 5 12th Gen Intel Core i7 15.6""(39.62cm) FHD IPS Laptop (16GB/512GB SSD/Win 11/Office 2021/Backlit KB/Fingerprint/FHD Camera/Alexa/3 Month Game Pass/Storm Grey/1.85Kg), 82SF004XIN",Lenovo,15.6 Inches,1920x1080 Pixels,Intel,Core i7,10,16 GB,82990,3.9,https://www.amazon.in/Lenovo-IdeaPad-39-62cm-Fingerprint-82SF004XIN/dp/B0B7RYWHXX/ref=sr_1_49?crid=21X0ZDNORCOI&keywords=laptop&qid=1668170698&qu=eyJxc2MiOiI5LjIyIiwicXNhIjoiOS40OSIsInFzcCI6IjYuODUifQ%3D%3D&refinements=p_n_feature_twenty-three_browse-bin%3A27387161031%7C27387168031%2Cp_72%3A1318476031&rnid=1318475031&s=computers&sprefix=laptop%2Caps%2C232&sr=1-49,1286
"HP Pavilion Plus, 12th Gen Intel Core i7 16GB RAM/1TB SSD 14 inch(35.6 cm),OLED,400 nits,UWVA, Eye Safe Laptop/Intel Iris Xe Graphics/Backlit KB/B&O/FPR/Win 11/Alexa Built-in/MSO 2021, 14-eh0024TU",HP,14 Inches,2880 x 1800 Pixels,Intel,Core i7,1,16 GB,93990,3.7,https://www.amazon.in/HP-Pavilion-Graphics-Backlit-14-eh0024TU/dp/B0B3J21ZVB/ref=sr_1_50?crid=21X0ZDNORCOI&keywords=laptop&qid=1668170698&qu=eyJxc2MiOiI5LjIyIiwicXNhIjoiOS40OSIsInFzcCI6IjYuODUifQ%3D%3D&refinements=p_n_feature_twenty-three_browse-bin%3A27387161031%7C27387168031%2Cp_72%3A1318476031&rnid=1318475031&s=computers&sprefix=laptop%2Caps%2C232&sr=1-50,1594
"Lenovo IdeaPad Windows 11 Home Slim 3 10th Gen Intel Core i3 15.6"" (39.62cm) HD Laptop - 8GB/512GB SSD/Win 11/Office 2021/2 Year Warranty/3 Month Game Pass/Platinum Grey/1.85Kg, 81WE01QJIN",Lenovo,15.6 Inches,1366x768 Pixels,Intel,Core i3,2,8 GB,35990,3.9,https://www.amazon.in/Lenovo-IdeaPad-Windows-39-62cm-Laptop/dp/B0B7RY7PKL/ref=sr_1_52?crid=21X0ZDNORCOI&keywords=laptop&qid=1668170698&qu=eyJxc2MiOiI5LjIyIiwicXNhIjoiOS40OSIsInFzcCI6IjYuODUifQ%3D%3D&refinements=p_n_feature_twenty-three_browse-bin%3A27387161031%7C27387168031%2Cp_72%3A1318476031&rnid=1318475031&s=computers&sprefix=laptop%2Caps%2C232&sr=1-52,1760
"ASUS VivoBook K15 OLED (2021), 15.6"" (39.62 cms) FHD OLED, Intel Core i3-1115G4 11th Gen, Thin and Light Laptop (8GB/512GB SSD/Integrated Graphics/Office 2021/Windows 11/Silver/1.8 Kg) K513EA-L313WS",ASUS,15.6 Inches,1920 X 1080 (FHD) Pixels,Intel,Core i3,2,8 GB,45990,4,https://www.amazon.in/sspa/click?ie=UTF8&spc=MToxOTczNTQyNjAxNzAzMDI6MTY2ODE3MDY5ODpzcF9idGY6MjAwMjcwNjY3NTMxOTg6OjA6Og&sp_csd=d2lkZ2V0TmFtZT1zcF9idGY&url=%2FASUS-VivoBook-i3-1115G4-Integrated-K513EA-L313WS%2Fdp%2FB09LJ4GLQY%2Fref%3Dsr_1_53_sspa%3Fcrid%3D21X0ZDNORCOI%26keywords%3Dlaptop%26qid%3D1668170698%26qu%3DeyJxc2MiOiI5LjIyIiwicXNhIjoiOS40OSIsInFzcCI6IjYuODUifQ%253D%253D%26refinements%3Dp_n_feature_twenty-three_browse-bin%253A27387161031%257C27387168031%252Cp_72%253A1318476031%26rnid%3D1318475031%26s%3Dcomputers%26sprefix%3Dlaptop%252Caps%252C232%26sr%3D1-53-spons%26psc%3D1,2439
"Lenovo Ideapad Gaming 3 Intel Core i7 10th Gen 15.6""(39.62cm) FHD IPS Gaming Laptop (8GB/512GB SSD/4GB NVIDIA GTX 1650/120Hz/Windows 11/Backlit Keyboard/3months Game Pass/Onyx Black/2.2Kg), 81Y401BHIN",Lenovo,15.6 Inches,1920 X 1080 (FHD) Pixels,Intel,Core i7,6,8 GB,73990,3.9,https://www.amazon.in/Lenovo-Ideapad-39-62cm-Keyboard-81Y401BHIN/dp/B09Z2NZGR6/ref=sr_1_50?crid=21X0ZDNORCOI&keywords=laptop&qid=1668170806&qu=eyJxc2MiOiI5LjIyIiwicXNhIjoiOS40OSIsInFzcCI6IjYuODUifQ%3D%3D&refinements=p_n_feature_twenty-three_browse-bin%3A27387161031%7C27387168031%2Cp_72%3A1318476031&rnid=1318475031&s=computers&sprefix=laptop%2Caps%2C232&sr=1-50,1505
"HP 15s- Ryzen 5-5500U 8GB RAM/512GB SSD 15.6 inch(39cm) Micro-Edge Anti-Glare FHD Laptop (Natural Silver/AMD Radeon Graphics/Alexa/Dual Speakers/Fast Charge/Windows 11/MS Office), 15s-eq2144au",HP,15.6 Inches,1920 X 1080 (FHD) Pixels,AMD,Ryzen 5,1,8 GB,48800,3.9,https://www.amazon.in/HP-Micro-Edge-Anti-Glare-Graphics-15s-eq2144au/dp/B09RZRF1PJ/ref=sr_1_52?crid=21X0ZDNORCOI&keywords=laptop&qid=1668170806&qu=eyJxc2MiOiI5LjIyIiwicXNhIjoiOS40OSIsInFzcCI6IjYuODUifQ%3D%3D&refinements=p_n_feature_twenty-three_browse-bin%3A27387161031%7C27387168031%2Cp_72%3A1318476031&rnid=1318475031&s=computers&sprefix=laptop%2Caps%2C232&sr=1-52,1702
Acer Travelmate Business Laptop Intel Pentium N5030 Quad-core Processor ( 4GB DDR4/ 128GB SSD /UHD Graphics/ Windows 11 Home/Spill Resistant Keyboard) TMB311-31 with 29.4 cm (11.6 Inches) HD Display,Acer,11.6,1366 x 768,Intel,Pentium,1,4 GB,31565,3.6,https://www.amazon.in/Acer-Travelmate-Quad-core-Processor-TMB311-31/dp/B09RP768N7/ref=sr_1_53?crid=21X0ZDNORCOI&keywords=laptop&qid=1668170806&qu=eyJxc2MiOiI5LjIyIiwicXNhIjoiOS40OSIsInFzcCI6IjYuODUifQ%3D%3D&refinements=p_n_feature_twenty-three_browse-bin%3A27387161031%7C27387168031%2Cp_72%3A1318476031&rnid=1318475031&s=computers&sprefix=laptop%2Caps%2C232&sr=1-53,1275
"HP 15s AMD Ryzen 3- 5300U 15.6inch(39.6cm) FHD Laptop (8GB RAM/512GB SSD, Micro-Edge, Anti-Glare Display/Radeon Graphics/Windows 11 Home/Alexa/Dual Speakers/Ms Office/1.69Kg, 15s-Eq2143au)",HP,15.6 Inches,1920 X 1080 (FHD) Pixels,AMD,Ryzen 3,1,8 GB,37290,3.8,https://www.amazon.in/HP-15-6inch-Micro-Edge-Anti-Glare-15s-Eq2143au/dp/B09R1MMMTH/ref=sr_1_54?crid=21X0ZDNORCOI&keywords=laptop&qid=1668170806&qu=eyJxc2MiOiI5LjIyIiwicXNhIjoiOS40OSIsInFzcCI6IjYuODUifQ%3D%3D&refinements=p_n_feature_twenty-three_browse-bin%3A27387161031%7C27387168031%2Cp_72%3A1318476031&rnid=1318475031&s=computers&sprefix=laptop%2Caps%2C232&sr=1-54,1542
"Lenovo ThinkPad E15 Intel Core i3 11th Gen 15.6-inch (39.62 cm) FHD Antiglare Thin and Light Laptop (8GB RAM/512GB SSD/Windows 11 Home/MS Office H&S 2021/FPR/Black/1.7 kg), 20TDS0T200",Lenovo,15.6 Inches,1920 X 1080 (FHD) Pixels,Intel,Core i3,1,8 GB,46990,3.6,https://www.amazon.in/Lenovo-ThinkPad-15-6-inch-Antiglare-20TDS0T200/dp/B09K5STXTW/ref=sr_1_55?crid=21X0ZDNORCOI&keywords=laptop&qid=1668170806&qu=eyJxc2MiOiI5LjIyIiwicXNhIjoiOS40OSIsInFzcCI6IjYuODUifQ%3D%3D&refinements=p_n_feature_twenty-three_browse-bin%3A27387161031%7C27387168031%2Cp_72%3A1318476031&rnid=1318475031&s=computers&sprefix=laptop%2Caps%2C232&sr=1-55,2264
Asus Vivobook14 Intel Core I3-1115G4(4Gb Ram/256Gb Nvme Ssd/Office H&S 2019/1 Yr. Mcafee/Uhd Graphics/14.1 Inches Fhd Ips/Fp Reader/Windows 11/1.6 Kg/Silver/1 Yr. Warranty) X415Ea-Ek302Ws,ASUS,14.1 Inches,1920x1080,Intel,Core i3,2,4 GB,35980,4,https://www.amazon.in/ASUS-VivoBook14-i3-1115G4-14-1-inch-X415EA-EK302WS/dp/B09MN9HLNC/ref=sr_1_57?crid=21X0ZDNORCOI&keywords=laptop&qid=1668170806&qu=eyJxc2MiOiI5LjIyIiwicXNhIjoiOS40OSIsInFzcCI6IjYuODUifQ%3D%3D&refinements=p_n_feature_twenty-three_browse-bin%3A27387161031%7C27387168031%2Cp_72%3A1318476031&rnid=1318475031&s=computers&sprefix=laptop%2Caps%2C232&sr=1-57,2010
"Acer Travelmate Business Laptop Intel Core i5-1135G7 Processor ( 16GB DDR4/ 512GB SSD /Intel Iris Xe Graphics/ Windows 11 Home/MS Office) TMP214-53 with 35.56 cm (14.0"") Full HD Display",Acer,14 Inches,1920 x 1080 Pixels,Intel,Core i5,1,16 GB,57990,4.4,https://www.amazon.in/Acer-Travelmate-i5-1135G7-Processor-TMP214-53/dp/B0B3XSR6RH/ref=sr_1_58?crid=21X0ZDNORCOI&keywords=laptop&qid=1668170806&qu=eyJxc2MiOiI5LjIyIiwicXNhIjoiOS40OSIsInFzcCI6IjYuODUifQ%3D%3D&refinements=p_n_feature_twenty-three_browse-bin%3A27387161031%7C27387168031%2Cp_72%3A1318476031&rnid=1318475031&s=computers&sprefix=laptop%2Caps%2C232&sr=1-58,682
"HP 15s, Ryzen 5-5500U, 16GB RAM/512GB SSD 15.6-inches(39.6 cm) FHD, Micro-Edge, Anti-Glare Display/Alexa Built-in/Windows 11 /AMD Radeon Graphics/Dual Speakers/ MS Office 2021/1.69 Kg, 15s-eq2182AU",HP,39.6 Centimetres,1280 x 720 Pixels,AMD,Ryzen 5,1,16 GB,54990,4.2,https://www.amazon.in/HP-15-6-inches-Micro-Edge-Anti-Glare-15s-eq2182AU/dp/B0B4N77Y34/ref=sr_1_59?crid=21X0ZDNORCOI&keywords=laptop&qid=1668170806&qu=eyJxc2MiOiI5LjIyIiwicXNhIjoiOS40OSIsInFzcCI6IjYuODUifQ%3D%3D&refinements=p_n_feature_twenty-three_browse-bin%3A27387161031%7C27387168031%2Cp_72%3A1318476031&rnid=1318475031&s=computers&sprefix=laptop%2Caps%2C232&sr=1-59,1802
"Lenovo ThinkPad E14 AMD Ryzen 3 5300U 14"" (35.56 cm) FHD Laptop (8GB RAM/512GB SSD/Windows 10 Home/AMD Radeon Graphics/FPR/Black/1.69 kg), 20Y7S00600",Lenovo,14 Inches,1920x1080,AMD,Ryzen 3,1,4 GB,43350,4,https://www.amazon.in/Lenovo-ThinkPad-Windows-Graphics-20Y7S00600/dp/B09F9WF6HM/ref=sr_1_60?crid=21X0ZDNORCOI&keywords=laptop&qid=1668170806&qu=eyJxc2MiOiI5LjIyIiwicXNhIjoiOS40OSIsInFzcCI6IjYuODUifQ%3D%3D&refinements=p_n_feature_twenty-three_browse-bin%3A27387161031%7C27387168031%2Cp_72%3A1318476031&rnid=1318475031&s=computers&sprefix=laptop%2Caps%2C232&sr=1-60,1162
"ASUS TUF Gaming A15, 15.6-inch (39.62 cms) FHD 144Hz, AMD Ryzen 5 4600H, 4GB NVIDIA GeForce GTX 1650, Gaming Laptop (8GB/512GB SSD/90WHrs Battery/Windows 11/Black/2.3 Kg), FA506IHRB-HN079W",ASUS,15.6 Inches,1920 X 1080 (FHD) Pixels,AMD,Ryzen 5,6,8 GB,61990,4.3,https://www.amazon.in/ASUS-15-6-inch-GeForce-GTX-Battery-FA506IHRB-HN079W/dp/B09ZXPNJYQ/ref=sr_1_62?crid=21X0ZDNORCOI&keywords=laptop&qid=1668170806&qu=eyJxc2MiOiI5LjIyIiwicXNhIjoiOS40OSIsInFzcCI6IjYuODUifQ%3D%3D&refinements=p_n_feature_twenty-three_browse-bin%3A27387161031%7C27387168031%2Cp_72%3A1318476031&rnid=1318475031&s=computers&sprefix=laptop%2Caps%2C232&sr=1-62,1429
"ASUS TUF Gaming F15, 15.6-inch (39.62 cms) FHD 144Hz, Intel Core i5-10300H 10th Gen, 4GB NVIDIA GeForce GTX 1650, Gaming Laptop (8GB/512GB SSD/Windows 11/Office H&S/Black/2.3 Kg), FX506LHB-HN355WS",ASUS,15.6 Inches,1920 X 1080 (FHD) Pixels,AMD,Core i5,4,4 GB,57499,3.8,https://www.amazon.in/ASUS-15-6-inch-i5-10300H-GeForce-GTX-FX506LHB-HN355WS/dp/B09ZXM2B4N/ref=sr_1_63?crid=21X0ZDNORCOI&keywords=laptop&qid=1668170806&qu=eyJxc2MiOiI5LjIyIiwicXNhIjoiOS40OSIsInFzcCI6IjYuODUifQ%3D%3D&refinements=p_n_feature_twenty-three_browse-bin%3A27387161031%7C27387168031%2Cp_72%3A1318476031&rnid=1318475031&s=computers&sprefix=laptop%2Caps%2C232&sr=1-63,1354
Lenovo V15 Intel Celeron N4020 15.6 inches HD Business Laptop (4GB/256GB SSD/Windows 11/Ms-Office/Platinum Grey/1.7Kg),Lenovo,15.6 Inches,NA,Intel,Celeron N4020,2,4 GB,26999,4.7,https://www.amazon.in/Lenovo-Celeron-Business-Ms-Office-Platinum/dp/B08PPXMLWW/ref=sr_1_65?crid=21X0ZDNORCOI&keywords=laptop&qid=1668170806&qu=eyJxc2MiOiI5LjIyIiwicXNhIjoiOS40OSIsInFzcCI6IjYuODUifQ%3D%3D&refinements=p_n_feature_twenty-three_browse-bin%3A27387161031%7C27387168031%2Cp_72%3A1318476031&rnid=1318475031&s=computers&sprefix=laptop%2Caps%2C232&sr=1-65,1240
"Lenovo IdeaPad Slim 3 2021 Intel Core i3 11th Gen 14 FHD IPS Thin & Light Laptop (8GB/256GB SSD/Windows 10/MS Office/Backlit Keyboard/Fingerprint Reader/2 Year Warranty/Arctic Grey/1.41kg), 82H700SVIN",Lenovo,14 Inches,1920 x 1080 Pixels,Intel,Core i3,2,8 GB,44500,4.2,https://www.amazon.in/Lenovo-Keyboard-Fingerprint-Warranty-82H700SVIN/dp/B0999BF9ZX/ref=sr_1_66?crid=21X0ZDNORCOI&keywords=laptop&qid=1668170806&qu=eyJxc2MiOiI5LjIyIiwicXNhIjoiOS40OSIsInFzcCI6IjYuODUifQ%3D%3D&refinements=p_n_feature_twenty-three_browse-bin%3A27387161031%7C27387168031%2Cp_72%3A1318476031&rnid=1318475031&s=computers&sprefix=laptop%2Caps%2C232&sr=1-66,1238
"ASUS Vivobook 14 OLED, 12th Gen Intel Core i3-1215U, 14"" (35.56 cms) 2.8K OLED 16:10 90Hz, Thin & Laptop (8GB/512GB SSD/Wins 11/Office 2021/Alexa/Backlit KB/Fingerprint/Black/1.6 kg), X1405ZA-KM311WS",ASUS,35.56 Centimetres,2880 x 1800 Pixels,Intel,Core i3,6,8 GB,54990,4.4,https://www.amazon.in/ASUS-Vivobook-Intel-i3-1215U-35-56/dp/B0BHHBHZDG/ref=sr_1_67?crid=21X0ZDNORCOI&keywords=laptop&qid=1668170806&qu=eyJxc2MiOiI5LjIyIiwicXNhIjoiOS40OSIsInFzcCI6IjYuODUifQ%3D%3D&refinements=p_n_feature_twenty-three_browse-bin%3A27387161031%7C27387168031%2Cp_72%3A1318476031&rnid=1318475031&s=computers&sprefix=laptop%2Caps%2C232&sr=1-67,1718
"ASUS VivoBook Ultra K14, Intel Core i3-1125G4 11th Gen, 14"" (35.56 cms) FHD Thin and Light Laptop (8GB/512GB SSD/Windows 11/Office 2021/Integrated Graphics/Transparent Silver/1.4 kg), K413EA-EB311WS",ASUS,35.56 Centimetres,1920 x 1080 Pixels,Intel, Core i3,4,8 GB,43434,4.1,https://www.amazon.in/ASUS-i3-1125G4-Integrated-Transparent-K413EA-EB311WS/dp/B09SX1SVB4/ref=sr_1_69?crid=21X0ZDNORCOI&keywords=laptop&qid=1668170806&qu=eyJxc2MiOiI5LjIyIiwicXNhIjoiOS40OSIsInFzcCI6IjYuODUifQ%3D%3D&refinements=p_n_feature_twenty-three_browse-bin%3A27387161031%7C27387168031%2Cp_72%3A1318476031&rnid=1318475031&s=computers&sprefix=laptop%2Caps%2C232&sr=1-69,1534
"HP 14s, 11th Gen Intel Core i3-1115G4, 8GB RAM/256GB SSD 14-inch(35.6 cm) Micro-Edge, Anti-Glare, FHD Laptop/Alexa Built-in/Win 11/Intel UHD Graphics/Dual Speakers/ MSO 2021/1.41 Kg, 14s-dy2507TU",HP,14 Inches,NA,Intel,Core i3,1,8 GB,39990,3.7,https://www.amazon.in/HP-i3-1115G4-Micro-Edge-Anti-Glare-14s-dy2507TU/dp/B0B63Y75P9/ref=sr_1_70?crid=21X0ZDNORCOI&keywords=laptop&qid=1668170806&qu=eyJxc2MiOiI5LjIyIiwicXNhIjoiOS40OSIsInFzcCI6IjYuODUifQ%3D%3D&refinements=p_n_feature_twenty-three_browse-bin%3A27387161031%7C27387168031%2Cp_72%3A1318476031&rnid=1318475031&s=computers&sprefix=laptop%2Caps%2C232&sr=1-70,2281
"HP Pavilion x360 11th Gen Intel Core i7 14 inch(35.6 cm) FHD,IPS, Multitouch 2-in-1 Laptop(16GB RAM/512GB SSD/Backlit KB/Intel Iris Xe Graphics/Pen/Alexa Built-in/MSO/1.52Kg) 14-dy1050TU, Spruce Blue",HP,14 Inches,1920 x 1080,Intel,Core i7,1,16 GB,79990,4.4,https://www.amazon.in/HP-Pavilion-Multitouch-Graphics-14-dy1050TU/dp/B09Y98LXTT/ref=sr_1_72?crid=21X0ZDNORCOI&keywords=laptop&qid=1668170806&qu=eyJxc2MiOiI5LjIyIiwicXNhIjoiOS40OSIsInFzcCI6IjYuODUifQ%3D%3D&refinements=p_n_feature_twenty-three_browse-bin%3A27387161031%7C27387168031%2Cp_72%3A1318476031&rnid=1318475031&s=computers&sprefix=laptop%2Caps%2C232&sr=1-72,1254
"ASUS BR1100 Notebook 12 (2022), 11.6-inch HD, Intel Celeron N4500, (4GB RAM/128GB M.2 NVMe™ PCIe®/Integrated Graphics/Windows 11 Home/Star Grey/1.26 Kg), BR1100CKA-GJ0722W",ASUS,11.6 Inches,1366 X 768 (HD) Pixels,Intel,Celeron N,2,4 GB,23290,3.6,https://www.amazon.in/ASUS-Notebook-11-6-inch-Integrated-BR1100CKA-GJ0722W/dp/B09VPMHSJ6/ref=sr_1_75?crid=21X0ZDNORCOI&keywords=laptop&qid=1668170890&qu=eyJxc2MiOiI5LjIyIiwicXNhIjoiOS40OSIsInFzcCI6IjYuODUifQ%3D%3D&refinements=p_n_feature_twenty-three_browse-bin%3A27387161031%7C27387168031%2Cp_72%3A1318476031&rnid=1318475031&s=computers&sprefix=laptop%2Caps%2C232&sr=1-75,887
"HP Pavilion 14 12th Gen Intel Core i5 16GB SDRAM/512GB SSD 14 inch(35.6cm) IPS Micro-Edge FHD Laptop/Intel UHD Graphics/B&O/Win 11/Alexa Built-in/Backlit KB/FPR/MSO 2021/Natural Silver, 14-dv2014TU",HP,14 Inches,1920 x 1080,Intel,Core i5,1,16 GB,69990,4.1,https://www.amazon.in/HP-Pavilion-Micro-Edge-Graphics-14-dv2014TU/dp/B0B1M9HYBT/ref=sr_1_76?crid=21X0ZDNORCOI&keywords=laptop&qid=1668170890&qu=eyJxc2MiOiI5LjIyIiwicXNhIjoiOS40OSIsInFzcCI6IjYuODUifQ%3D%3D&refinements=p_n_feature_twenty-three_browse-bin%3A27387161031%7C27387168031%2Cp_72%3A1318476031&rnid=1318475031&s=computers&sprefix=laptop%2Caps%2C232&sr=1-76,1860
"Lenovo IdeaPad Slim 5 AMD Ryzen 7 5700U 15.6""(39.62cm) FHD IPS Laptop (16GB/512GB SSD/Win 11/Office 2021/Backlit KB/Fingerprint/HD Camera/3 Month Game Pass/Graphite Grey/1.66Kg), 82LN00JSIN",Lenovo,15.6 Inches,1920x1080 Pixels,AMD,Ryzen 7,8,16 GB,65990,3.7,https://www.amazon.in/Lenovo-IdeaPad-Fingerprint-Graphite-82LN00JSIN/dp/B0BBFTPJ3D/ref=sr_1_77?crid=21X0ZDNORCOI&keywords=laptop&qid=1668170890&qu=eyJxc2MiOiI5LjIyIiwicXNhIjoiOS40OSIsInFzcCI6IjYuODUifQ%3D%3D&refinements=p_n_feature_twenty-three_browse-bin%3A27387161031%7C27387168031%2Cp_72%3A1318476031&rnid=1318475031&s=computers&sprefix=laptop%2Caps%2C232&sr=1-77,1710
"Lenovo IdeaPad Slim 3 10th Gen Intel Core i3 15.6""(39.62cm) FHD Thin & Light Laptop (8GB/256GB SSD/UHD Graphics/Windows 11/MS Office 2021/Platinum Grey/1.7Kg), 81WB01EFIN",Lenovo,15.6 Inches,1920x1080,Intel,Core i3,1,8 GB,37900,4.2,https://www.amazon.in/Lenovo-IdeaPad-Graphics-Platinum-81WB01EFIN/dp/B09Q3FTVJF/ref=sr_1_78?crid=21X0ZDNORCOI&keywords=laptop&qid=1668170890&qu=eyJxc2MiOiI5LjIyIiwicXNhIjoiOS40OSIsInFzcCI6IjYuODUifQ%3D%3D&refinements=p_n_feature_twenty-three_browse-bin%3A27387161031%7C27387168031%2Cp_72%3A1318476031&rnid=1318475031&s=computers&sprefix=laptop%2Caps%2C232&sr=1-78,2177
"ASUS Vivobook 15, 15.6-inch (39.62 cms) FHD, AMD Ryzen 5 3500U, Thin and Light Laptop (8GB/512GB SSD/Integrated Graphics/Windows 11/Office 2021/Silver/1.8 kg), M515DA-BQ512WS, Transparent Silver",ASUS,15.6 Inches,1920 X 1080 (FHD) Pixels,AMD,Ryzen 5,4,8 GB,40440,4.1,https://www.amazon.in/ASUS-15-6-inch-Integrated-M515DA-BQ512WS-Transparent/dp/B09W9XYK47/ref=sr_1_79?crid=21X0ZDNORCOI&keywords=laptop&qid=1668170890&qu=eyJxc2MiOiI5LjIyIiwicXNhIjoiOS40OSIsInFzcCI6IjYuODUifQ%3D%3D&refinements=p_n_feature_twenty-three_browse-bin%3A27387161031%7C27387168031%2Cp_72%3A1318476031&rnid=1318475031&s=computers&sprefix=laptop%2Caps%2C232&sr=1-79,1102
"Lenovo IdeaPad Slim 3 Intel Core i3 11th Gen 15.6"" (39.62cm) FHD Thin & Light Laptop (8GB/512GB SSD/Windows 11/Office 2021/2Yr Warranty/3months Game Pass/Arctic Grey/1.65Kg), 82H802FJIN",Lenovo,15.6 Inches,1920 X 1080 (FHD) Pixels,Intel,Core i3,2,8 GB,39400,4.1,https://www.amazon.in/Lenovo-IdeaPad-39-62cm-Warranty-82H802FJIN/dp/B09Q5QLHSQ/ref=sr_1_80?crid=21X0ZDNORCOI&keywords=laptop&qid=1668170890&qu=eyJxc2MiOiI5LjIyIiwicXNhIjoiOS40OSIsInFzcCI6IjYuODUifQ%3D%3D&refinements=p_n_feature_twenty-three_browse-bin%3A27387161031%7C27387168031%2Cp_72%3A1318476031&rnid=1318475031&s=computers&sprefix=laptop%2Caps%2C232&sr=1-80,1621
"Lenovo ThinkBook 15 Intel 11th Gen Core i5 15.6"" (39.62cm) FHD 220 nits Antiglare Thin and Light Laptop (8GB/512GB SSD/Windows 11/Backlit Keyboard/MS Office/Mineral Grey/1.7 Kg), 20VEA0YNIH",Lenovo,15.6 Inches,1920 x 1080 Pixels,Intel,Core i5,1,8 GB,55990,4,https://www.amazon.in/Lenovo-ThinkBook-Antiglare-Keyboard-20VEA0YNIH/dp/B0B1DJ9BDN/ref=sr_1_81?crid=21X0ZDNORCOI&keywords=laptop&qid=1668170890&qu=eyJxc2MiOiI5LjIyIiwicXNhIjoiOS40OSIsInFzcCI6IjYuODUifQ%3D%3D&refinements=p_n_feature_twenty-three_browse-bin%3A27387161031%7C27387168031%2Cp_72%3A1318476031&rnid=1318475031&s=computers&sprefix=laptop%2Caps%2C232&sr=1-81,1892
"Lenovo IdeaPad Slim 1 Ryzen 3 3250U 15.6"" (39.62cm) FHD Laptop (8GB/512GB SSD/Win 11/Office 2021/2 Year Warranty/Alexa Built-in/3 Month Game Pass/Cloud Grey/1.6Kg), 82R1007XIN",Lenovo,15.6 Inches,1920x1080 Pixels,AMD,Ryzen 3,2,8 GB,34999,3.6,https://www.amazon.in/Lenovo-IdeaPad-39-62cm-Warranty-82R1007XIN/dp/B0B7RWWK7J/ref=sr_1_82?crid=21X0ZDNORCOI&keywords=laptop&qid=1668170890&qu=eyJxc2MiOiI5LjIyIiwicXNhIjoiOS40OSIsInFzcCI6IjYuODUifQ%3D%3D&refinements=p_n_feature_twenty-three_browse-bin%3A27387161031%7C27387168031%2Cp_72%3A1318476031&rnid=1318475031&s=computers&sprefix=laptop%2Caps%2C232&sr=1-82,1391
"Lenovo IdeaPad Slim 3 11th Gen Intel Core i5 15.6"" (39.62cm) FHD Laptop (8GB/512GB SSD/Win 11/Office 2021/2 Year Warranty/Alexa Built-in/3 Month Game Pass/Arctic Grey/1.65Kg), 82H802KYIN",Lenovo,15.6 Inches,1920x1080 Pixels,Intel,Core i5,4,8 GB,53490,4.1,https://www.amazon.in/Lenovo-IdeaPad-39-62cm-Warranty-82H802KYIN/dp/B0BB6S9FR5/ref=sr_1_83?crid=21X0ZDNORCOI&keywords=laptop&qid=1668170890&qu=eyJxc2MiOiI5LjIyIiwicXNhIjoiOS40OSIsInFzcCI6IjYuODUifQ%3D%3D&refinements=p_n_feature_twenty-three_browse-bin%3A27387161031%7C27387168031%2Cp_72%3A1318476031&rnid=1318475031&s=computers&sprefix=laptop%2Caps%2C232&sr=1-83,988
"Dell New Inspiron 5418 Laptop Intel I5-11320H, 16Gb Ddr4, 512Gb Ssd, Windows 11 + Ms Office'21, 14 Inches (35.56 Cms) Fhd 250 Nits Display, Platinum Silver, Fpr + Backlit Kb (D560633Win9S), 1.46Kgs",Dell,14 Inches,NA,Intel,Core i5,1,16 GB,69890,3.7,https://www.amazon.in/Dell-Inspiron-5418-i5-11320H-D560633WIN9S/dp/B09NLR8DPQ/ref=sr_1_84?crid=21X0ZDNORCOI&keywords=laptop&qid=1668170890&qu=eyJxc2MiOiI5LjIyIiwicXNhIjoiOS40OSIsInFzcCI6IjYuODUifQ%3D%3D&refinements=p_n_feature_twenty-three_browse-bin%3A27387161031%7C27387168031%2Cp_72%3A1318476031&rnid=1318475031&s=computers&sprefix=laptop%2Caps%2C232&sr=1-84,1156
"Dell 15 2021 Intel i5-1135G7, 8GB, 1TB + 256Gb SSD, Windows 11 + MS Office 21, NVIDIA MX350 2GB Graphics, 15.6 inches FHD Display Notebook Computer (Inspiron 3511, D560674WIN9S, Platinum Silver)",Dell,15.6 Inches,1920x1080,Intel,Core i5,1,8 GB,60750,3.9,https://www.amazon.in/Dell-i5-1135G7-Inspiron-3511-D560674WIN9S/dp/B09NLSPF9R/ref=sr_1_85?crid=21X0ZDNORCOI&keywords=laptop&qid=1668170890&qu=eyJxc2MiOiI5LjIyIiwicXNhIjoiOS40OSIsInFzcCI6IjYuODUifQ%3D%3D&refinements=p_n_feature_twenty-three_browse-bin%3A27387161031%7C27387168031%2Cp_72%3A1318476031&rnid=1318475031&s=computers&sprefix=laptop%2Caps%2C232&sr=1-85,656
"HP 14s 11th Gen Intel Core i3- 8GB RAM/256GB SSD 14inch(35.6 cm) FHD, Micro-Edge,Anti-Glare,IPS Display/UHD Graphics/ Windows 11 Home/ Ms Office/ Alexa Built-in/ 1.46Kg/ 14s-Dy2506Tu",HP,14 Inches,1920 X 1080 (FHD) Pixels,Intel,Core i3,1,8 GB,39990,4.2,https://www.amazon.in/HP-Micro-Edge-Anti-Glare-Display-Graphics/dp/B09MH9M5CV/ref=sr_1_89?crid=21X0ZDNORCOI&keywords=laptop&qid=1668170890&qu=eyJxc2MiOiI5LjIyIiwicXNhIjoiOS40OSIsInFzcCI6IjYuODUifQ%3D%3D&refinements=p_n_feature_twenty-three_browse-bin%3A27387161031%7C27387168031%2Cp_72%3A1318476031&rnid=1318475031&s=computers&sprefix=laptop%2Caps%2C232&sr=1-89,1883
"Acer Nitro 5 Gaming Laptop Intel Core i5-11400H 11th Gen Processor (8GB/512GB SSD/GTX 1650 4GB Graphics/Windows 11 Home/RGB), AN515-57 with 15.6""(39.6cms) FHD 144Hz Display + Xbox Game Pass Ultimate",Acer,15.6 Inches,1920 X 1080 (FHD) Pixels,Intel,Core i5,1,8 GB,58989,3.8,https://www.amazon.in/Acer-i5-11400H-Processor-Graphics-AN515-57/dp/B09X7SXPKC/ref=sr_1_90?crid=21X0ZDNORCOI&keywords=laptop&qid=1668170890&qu=eyJxc2MiOiI5LjIyIiwicXNhIjoiOS40OSIsInFzcCI6IjYuODUifQ%3D%3D&refinements=p_n_feature_twenty-three_browse-bin%3A27387161031%7C27387168031%2Cp_72%3A1318476031&rnid=1318475031&s=computers&sprefix=laptop%2Caps%2C232&sr=1-90,1713
"Lenovo IdeaPad Slim 3 10th Gen Intel Core i3 15.6"" (39.62cm) FHD Laptop (8GB/512GB SSD/Win 11/2 Year Warranty/Alexa Built-in/3 Month Game Pass/Platinum Grey/1.85Kg), 81WE01QTIN",Lenovo,15.6 Inches,1920x1080 Pixels,Intel,Core i3,2,8 GB,37990,3.6,https://www.amazon.in/Lenovo-IdeaPad-Warranty-Platinum-81WE01QTIN/dp/B0BDRZ1SR6/ref=sr_1_91?crid=21X0ZDNORCOI&keywords=laptop&qid=1668170890&qu=eyJxc2MiOiI5LjIyIiwicXNhIjoiOS40OSIsInFzcCI6IjYuODUifQ%3D%3D&refinements=p_n_feature_twenty-three_browse-bin%3A27387161031%7C27387168031%2Cp_72%3A1318476031&rnid=1318475031&s=computers&sprefix=laptop%2Caps%2C232&sr=1-91,1182
"HP 15s, 12th Gen Intel Core i5, 8GB RAM/512GB SSD 15.6-inch(39.6 cm) FHD,Micro-Edge, Anti-Glare Display/Win 11/ Intel Iris Xe Graphics/Dual Speakers/Fast Charge/Alexa Built-in/MSO 2021, 15s-fy5001TU",HP,15.6 Inches,1920x1080 Pixels,Intel,Core i5,1,8 GB,58989,3.9,https://www.amazon.in/HP-15-6-inch-Micro-Edge-Anti-Glare-15s-fy5001TU/dp/B0B2PB84M9/ref=sr_1_93?crid=21X0ZDNORCOI&keywords=laptop&qid=1668170890&qu=eyJxc2MiOiI5LjIyIiwicXNhIjoiOS40OSIsInFzcCI6IjYuODUifQ%3D%3D&refinements=p_n_feature_twenty-three_browse-bin%3A27387161031%7C27387168031%2Cp_72%3A1318476031&rnid=1318475031&s=computers&sprefix=laptop%2Caps%2C232&sr=1-93,1784
"Lenovo Ideapad 3 AMD Ryzen 5 5500U 15.6"" (39.62cm) FHD Thin & Light Laptop (8GB/512GB SSD/Windows 11/Office 2021/Backlit Keyboard/2Yr Warranty/Arctic Grey/1.65Kg), 82KU017KIN",Lenovo,15.6 Inches,1920 X 1080 (FHD) Pixels,AMD,Ryzen 5,6,8 GB,46019,4.2,https://www.amazon.in/Lenovo-Ideapad-Keyboard-Warranty-82KU017KIN/dp/B09MM58Y7Q/ref=sr_1_94?crid=21X0ZDNORCOI&keywords=laptop&qid=1668170890&qu=eyJxc2MiOiI5LjIyIiwicXNhIjoiOS40OSIsInFzcCI6IjYuODUifQ%3D%3D&refinements=p_n_feature_twenty-three_browse-bin%3A27387161031%7C27387168031%2Cp_72%3A1318476031&rnid=1318475031&s=computers&sprefix=laptop%2Caps%2C232&sr=1-94,1730
"Lenovo IdeaPad Gaming 3 Intel Core i5 11th Gen 15.6"" (39.62cm) FHD IPS Gaming Laptop (8GB/512GB SSD/4GB NVIDIA GTX 1650/120Hz/Win 11/Backlit/3months Game Pass/Shadow Black/2.25Kg), 82K10198IN",Lenovo,15.6 Inches,1920 X 1080 (FHD) Pixels,Intel,Core i5,4,8 GB,57290,4,https://www.amazon.in/Lenovo-IdeaPad-39-62cm-Backlit-82K10198IN/dp/B0B4JQ9X9C/ref=sr_1_95?crid=21X0ZDNORCOI&keywords=laptop&qid=1668170890&qu=eyJxc2MiOiI5LjIyIiwicXNhIjoiOS40OSIsInFzcCI6IjYuODUifQ%3D%3D&refinements=p_n_feature_twenty-three_browse-bin%3A27387161031%7C27387168031%2Cp_72%3A1318476031&rnid=1318475031&s=computers&sprefix=laptop%2Caps%2C232&sr=1-95,1347
"Lenovo E41-55 14inch Laptop, AMD ATHLON Gold A3150U Processor, 4GB RAM, 256GB SSD, DOS, 1 Year Warranty, 82FJ00AGIH",Lenovo,14 Inches,NA,Intel,Athlon Silver 3050U,1,4 GB,23300,4.5,https://www.amazon.in/Lenovo-E41-55-Processor-Warranty-82FJ00AGIH/dp/B0B65NN833/ref=sr_1_97?crid=21X0ZDNORCOI&keywords=laptop&qid=1668170890&qu=eyJxc2MiOiI5LjIyIiwicXNhIjoiOS40OSIsInFzcCI6IjYuODUifQ%3D%3D&refinements=p_n_feature_twenty-three_browse-bin%3A27387161031%7C27387168031%2Cp_72%3A1318476031&rnid=1318475031&s=computers&sprefix=laptop%2Caps%2C232&sr=1-97,2219
"ASUS TUF Gaming A15, 15.6-inch (39.62 cms) FHD 144Hz, AMD Ryzen 7 4800H, 4GB NVIDIA GeForce RTX 3050, Gaming Laptop (8GB/512GB SSD/90WHrs Battery/Windows 11/Black/2.3 Kg), FA506ICB-HN005W",ASUS,15.6 Inches,1920 X 1080 (FHD) Pixels,AMD,Ryzen 7,8,8 GB,77900,3.6,https://www.amazon.in/ASUS-15-6-inch-NVIDIA-GeForce-RTX-3050-Battery-FA506ICB-HN005W/dp/B09ZXVY6NR/ref=sr_1_98?crid=21X0ZDNORCOI&keywords=laptop&qid=1668170890&qu=eyJxc2MiOiI5LjIyIiwicXNhIjoiOS40OSIsInFzcCI6IjYuODUifQ%3D%3D&refinements=p_n_feature_twenty-three_browse-bin%3A27387161031%7C27387168031%2Cp_72%3A1318476031&rnid=1318475031&s=computers&sprefix=laptop%2Caps%2C232&sr=1-98,2025
"ASUS VivoBook 15, 15.6-inch (39.62 cms) FHD, Intel Core i3-1005G1 10th Gen, Thin and Light Laptop (8GB/512GB SSD/Windows 11/Office 2021/integrated Graphics/Fingerprint/Silver/1.8 kg), X515JA-EJ382WS",ASUS,15.6 Inches,1920 x 1080 Pixels,Intel,Core i3,2,8 GB,36890,4.1,https://www.amazon.in/ASUS-15-6-inch-integrated-Fingerprint-X515JA-EJ382WS/dp/B0BB7Z26Y1/ref=sr_1_99?crid=21X0ZDNORCOI&keywords=laptop&qid=1668170890&qu=eyJxc2MiOiI5LjIyIiwicXNhIjoiOS40OSIsInFzcCI6IjYuODUifQ%3D%3D&refinements=p_n_feature_twenty-three_browse-bin%3A27387161031%7C27387168031%2Cp_72%3A1318476031&rnid=1318475031&s=computers&sprefix=laptop%2Caps%2C232&sr=1-99,1099
"Lenovo IdeaPad Gaming 3 Intel Core i5 11th Gen 15.6"" (39.62cm) FHD IPS Gaming Laptop (16GB/512GB SDD/4GB NVIDIA RTX 3050/120Hz/Win11/Office 2021/Backlit/Shadow Black/2.25Kg),82K1019BIN",Lenovo,15.6 Inches,1920x1080 Pixels,Intel,Core i5,4,16 GB,73490,4.6,https://www.amazon.in/Lenovo-IdeaPad-39-62cm-Backlit-82K1019BIN/dp/B0B61B59T5/ref=sr_1_100?crid=21X0ZDNORCOI&keywords=laptop&qid=1668170890&qu=eyJxc2MiOiI5LjIyIiwicXNhIjoiOS40OSIsInFzcCI6IjYuODUifQ%3D%3D&refinements=p_n_feature_twenty-three_browse-bin%3A27387161031%7C27387168031%2Cp_72%3A1318476031&rnid=1318475031&s=computers&sprefix=laptop%2Caps%2C232&sr=1-100,416
Acer Aspire 3 Intel Core i5 11th Gen (8 GB/512GB SSD/Windows 11 Home/MS Office/1.7 Kg/Silver) A315-58 with 15.6-inch (39.6 cms) Full HD Display Laptop,Acer,15.6 Inches,1920 x 1080 Pixels,Intel,Core i5,1,8 GB,44799,3.7,https://www.amazon.in/sspa/click?ie=UTF8&spc=MTo3MTk2MTMzNTE4MjA3NjA0OjE2NjgxNzA4OTA6c3BfYnRmOjIwMDc5Nzk2MDgxNjk4OjowOjo&sp_csd=d2lkZ2V0TmFtZT1zcF9idGY&url=%2FAcer-Generation-i5-1135G7-15-6-inch-Computer%2Fdp%2FB09X9MMYKM%2Fref%3Dsr_1_102_sspa%3Fcrid%3D21X0ZDNORCOI%26keywords%3Dlaptop%26qid%3D1668170890%26qu%3DeyJxc2MiOiI5LjIyIiwicXNhIjoiOS40OSIsInFzcCI6IjYuODUifQ%253D%253D%26refinements%3Dp_n_feature_twenty-three_browse-bin%253A27387161031%257C27387168031%252Cp_72%253A1318476031%26rnid%3D1318475031%26s%3Dcomputers%26sprefix%3Dlaptop%252Caps%252C232%26sr%3D1-102-spons%26psc%3D1,526
